COMPANY ID,MAIN TYPE,SUB TYPE,SHORT NAME,TRADING DATE,PRICE HIGH (Rs.),PRICE LOW (Rs.),CLOSE PRICE (Rs.),OPEN PRICE (Rs.),TRADE VOLUME (No.),SHARE VOLUME (No.),TURNOVER (Rs.)
COMB,N,0.0,COMMERCIAL BANK,2021-01-04,83.6,81.0,83.3,83.3,481,1236817.0,102745513.1
COMB,N,0.0,COMMERCIAL BANK,2021-01-05,83.9,83.0,83.2,83.2,358,644803.0,53819650.1
COMB,N,0.0,COMMERCIAL BANK,2021-01-06,83.2,82.0,83.0,83.0,319,1025583.0,84984643.7
COMB,N,0.0,COMMERCIAL BANK,2021-01-07,83.0,81.9,82.7,82.7,285,817620.0,67692195.4
COMB,N,0.0,COMMERCIAL BANK,2021-01-08,82.8,81.9,82.4,82.4,258,893866.0,73343877.0
COMB,N,0.0,COMMERCIAL BANK,2021-01-11,82.6,82.0,82.3,82.3,275,1102559.0,90474707.9
COMB,N,0.0,COMMERCIAL BANK,2021-01-12,82.6,81.0,82.0,82.0,303,870029.0,71296019.3
COMB,N,0.0,COMMERCIAL BANK,2021-01-13,82.5,81.5,82.0,82.0,314,548770.0,44983909.7
COMB,N,0.0,COMMERCIAL BANK,2021-01-15,85.1,81.7,84.3,84.3,633,3183752.0,265412943.9
COMB,N,0.0,COMMERCIAL BANK,2021-01-18,90.0,85.0,88.7,88.7,1229,2449235.0,216888589.7
COMB,N,0.0,COMMERCIAL BANK,2021-01-19,97.0,89.0,96.2,96.2,2054,6760848.0,624052894.3
COMB,N,0.0,COMMERCIAL BANK,2021-01-20,99.9,92.0,96.7,96.7,1414,1946620.0,188858811.3
COMB,N,0.0,COMMERCIAL BANK,2021-01-21,96.0,92.5,93.7,93.7,879,1220516.0,114301665.6
COMB,N,0.0,COMMERCIAL BANK,2021-01-22,99.7,94.5,99.2,99.2,987,5118896.0,495331232.6
COMB,N,0.0,COMMERCIAL BANK,2021-01-25,103.0,99.5,100.75,100.75,971,3086446.0,312419534.7
COMB,N,0.0,COMMERCIAL BANK,2021-01-26,103.5,100.0,100.5,100.5,774,3747035.0,377685275.25
COMB,N,0.0,COMMERCIAL BANK,2021-01-27,101.5,99.0,99.8,99.8,608,1281218.0,127939106.65
COMB,N,0.0,COMMERCIAL BANK,2021-01-29,105.0,99.0,99.7,99.7,907,3056879.0,308797116.55
COMB,N,0.0,COMMERCIAL BANK,2021-02-01,100.0,95.9,96.3,96.3,698,1050666.0,102153074.0
COMB,N,0.0,COMMERCIAL BANK,2021-02-02,95.9,86.0,89.9,89.9,742,1308272.0,119233608.1
COMB,N,0.0,COMMERCIAL BANK,2021-02-03,94.0,89.0,93.0,93.0,533,605039.0,55689915.7
COMB,N,0.0,COMMERCIAL BANK,2021-02-05,95.0,92.0,92.7,92.7,312,253520.0,23518416.3
COMB,N,0.0,COMMERCIAL BANK,2021-02-08,94.8,89.5,90.0,90.0,406,903390.0,83221017.7
COMB,N,0.0,COMMERCIAL BANK,2021-02-09,90.0,85.9,87.8,87.8,478,363744.0,31770962.8
COMB,N,0.0,COMMERCIAL BANK,2021-02-10,88.3,86.5,87.5,87.5,350,521895.0,45647848.7
COMB,N,0.0,COMMERCIAL BANK,2021-02-11,87.0,80.0,85.8,85.8,546,605707.0,51051736.4
COMB,N,0.0,COMMERCIAL BANK,2021-02-12,89.0,86.4,88.1,88.1,394,485583.0,42651986.0
COMB,N,0.0,COMMERCIAL BANK,2021-02-15,91.0,88.0,90.3,90.3,397,1277173.0,115057487.0
COMB,N,0.0,COMMERCIAL BANK,2021-02-16,91.0,86.9,87.7,87.7,271,691231.0,61885665.4
COMB,N,0.0,COMMERCIAL BANK,2021-02-17,89.8,86.0,88.2,88.2,242,1392631.0,122128446.3
COMB,N,0.0,COMMERCIAL BANK,2021-02-18,89.0,87.5,88.2,88.2,175,266980.0,23516412.8
COMB,N,0.0,COMMERCIAL BANK,2021-02-19,91.0,88.2,90.0,90.0,209,908287.0,81403538.2
COMB,N,0.0,COMMERCIAL BANK,2021-02-22,91.0,88.1,89.0,89.0,203,1204403.0,108379244.3
COMB,N,0.0,COMMERCIAL BANK,2021-02-23,88.5,85.0,86.0,86.0,244,1916559.0,167609898.4
COMB,N,0.0,COMMERCIAL BANK,2021-02-24,86.0,84.6,85.0,85.0,395,4249491.0,361281574.0
COMB,N,0.0,COMMERCIAL BANK,2021-02-25,91.0,87.7,88.8,88.8,471,835848.0,74383240.1
COMB,N,0.0,COMMERCIAL BANK,2021-03-01,90.5,88.0,88.3,88.3,277,559179.0,49718825.6
COMB,N,0.0,COMMERCIAL BANK,2021-03-02,88.3,86.5,86.8,86.8,246,133727.0,11647749.4
COMB,N,0.0,COMMERCIAL BANK,2021-03-03,87.0,85.4,85.8,85.8,282,211342.0,18174474.9
COMB,N,0.0,COMMERCIAL BANK,2021-03-04,86.2,84.2,84.5,84.5,277,1424863.0,120574988.8
COMB,N,0.0,COMMERCIAL BANK,2021-03-05,85.5,83.0,84.9,84.9,298,354402.0,29936880.7
COMB,N,0.0,COMMERCIAL BANK,2021-03-08,87.0,84.8,86.2,86.2,280,515719.0,44049828.5
COMB,N,0.0,COMMERCIAL BANK,2021-03-09,89.9,87.0,88.1,88.1,180,102705.0,9063027.7
COMB,N,0.0,COMMERCIAL BANK,2021-03-10,88.9,85.7,86.1,86.1,187,150700.0,13029653.1
COMB,N,0.0,COMMERCIAL BANK,2021-03-12,88.0,86.0,86.9,86.9,106,254266.0,22178171.2
COMB,N,0.0,COMMERCIAL BANK,2021-03-15,90.0,87.0,87.7,87.7,122,245291.0,21982302.6
COMB,N,0.0,COMMERCIAL BANK,2021-03-16,87.9,86.3,87.2,87.2,92,51020.0,4444584.8
COMB,N,0.0,COMMERCIAL BANK,2021-03-17,87.5,85.1,86.0,86.0,141,94193.0,8145432.5
COMB,N,0.0,COMMERCIAL BANK,2021-03-18,86.8,85.0,85.8,85.8,168,453918.0,38657653.3
COMB,N,0.0,COMMERCIAL BANK,2021-03-19,86.7,85.1,86.5,86.5,124,91288.0,7834779.0
COMB,N,0.0,COMMERCIAL BANK,2021-03-22,86.9,86.0,86.4,86.4,134,80914.0,7000401.1
COMB,N,0.0,COMMERCIAL BANK,2021-03-23,87.7,85.7,87.2,87.2,95,36693.0,3171321.5
COMB,N,0.0,COMMERCIAL BANK,2021-03-24,90.0,87.0,89.6,89.6,158,165842.0,14743793.0
COMB,N,0.0,COMMERCIAL BANK,2021-03-25,89.9,88.0,89.1,89.1,131,53513.0,4767019.0
COMB,N,0.0,COMMERCIAL BANK,2021-03-26,89.9,87.5,88.6,88.6,192,290410.0,25705962.2
COMB,N,0.0,COMMERCIAL BANK,2021-03-29,92.5,88.8,90.8,90.8,362,5840761.0,515015045.3
COMB,N,0.0,COMMERCIAL BANK,2021-03-30,91.0,90.0,90.2,90.2,399,909770.0,82150501.0
COMB,N,0.0,COMMERCIAL BANK,2021-03-31,88.0,85.1,85.5,85.5,391,172363.0,14849779.6
COMB,N,0.0,COMMERCIAL BANK,2022-01-03,80.9,79.1,80.2,79.1,250,793611.0,63577848.4
COMB,N,0.0,COMMERCIAL BANK,2022-01-04,80.2,79.5,79.8,80.2,174,280398.0,22368307.5
COMB,N,0.0,COMMERCIAL BANK,2022-01-05,80.5,79.5,79.8,80.4,167,387793.0,30970594.5
COMB,N,0.0,COMMERCIAL BANK,2022-01-06,80.0,79.3,79.7,80.0,136,155339.0,12413452.5
COMB,N,0.0,COMMERCIAL BANK,2022-01-07,80.0,79.0,79.8,79.6,265,717289.0,56854875.1
COMB,N,0.0,COMMERCIAL BANK,2022-01-10,84.0,80.0,82.9,80.3,486,1277442.0,104370344.5
COMB,N,0.0,COMMERCIAL BANK,2022-01-11,84.0,81.5,81.7,84.0,201,139580.0,11496263.8
COMB,N,0.0,COMMERCIAL BANK,2022-01-12,82.8,80.9,81.0,81.6,184,332478.0,27096013.2
COMB,N,0.0,COMMERCIAL BANK,2022-01-13,82.0,80.1,81.8,81.5,144,130266.0,10558903.4
COMB,N,0.0,COMMERCIAL BANK,2022-01-18,83.5,81.0,81.9,81.5,220,345660.0,28422961.4
COMB,N,0.0,COMMERCIAL BANK,2022-01-19,83.2,81.5,82.8,81.9,151,1183206.0,98125495.8
COMB,N,0.0,COMMERCIAL BANK,2022-01-20,83.6,82.4,83.3,82.9,165,460955.0,38140503.2
COMB,N,0.0,COMMERCIAL BANK,2022-01-21,84.3,83.5,83.5,83.9,170,691101.0,57773556.1
COMB,N,0.0,COMMERCIAL BANK,2022-01-24,85.0,83.3,84.5,84.0,228,291656.0,24579565.3
COMB,N,0.0,COMMERCIAL BANK,2022-01-25,84.5,82.5,82.8,84.5,102,119329.0,9928904.3
COMB,N,0.0,COMMERCIAL BANK,2022-01-26,83.0,82.0,82.1,82.5,90,76042.0,6254290.0
COMB,N,0.0,COMMERCIAL BANK,2022-01-27,83.5,82.0,82.1,82.7,123,256700.0,21278110.1
COMB,N,0.0,COMMERCIAL BANK,2022-01-28,82.9,81.5,81.6,82.0,75,60805.0,4998564.7
COMB,N,0.0,COMMERCIAL BANK,2022-01-31,83.0,82.0,82.6,82.0,79,133228.0,10956255.9
COMB,N,0.0,COMMERCIAL BANK,2022-02-01,83.0,81.5,82.2,82.0,89,58796.0,4846450.2
COMB,N,0.0,COMMERCIAL BANK,2022-02-02,82.4,81.6,82.0,82.2,106,267664.0,21935518.4
COMB,N,0.0,COMMERCIAL BANK,2022-02-03,82.5,80.0,82.0,82.0,139,342882.0,27969094.3
COMB,N,0.0,COMMERCIAL BANK,2022-02-07,82.2,80.0,80.6,82.2,200,310593.0,25153988.3
COMB,N,0.0,COMMERCIAL BANK,2022-02-08,82.5,80.2,80.5,82.5,149,454697.0,36612240.4
COMB,N,0.0,COMMERCIAL BANK,2022-02-09,81.0,79.6,79.8,80.5,148,407832.0,32778433.2
COMB,N,0.0,COMMERCIAL BANK,2022-02-10,81.0,78.2,79.9,79.6,184,118292.0,9345047.9
COMB,N,0.0,COMMERCIAL BANK,2022-02-11,80.4,79.0,79.9,79.0,75,31138.0,2489126.9
COMB,N,0.0,COMMERCIAL BANK,2022-02-14,81.0,79.0,79.0,80.5,167,331196.0,26223777.5
COMB,N,0.0,COMMERCIAL BANK,2022-02-15,81.9,79.9,80.1,80.0,66,57414.0,4594281.0
COMB,N,0.0,COMMERCIAL BANK,2022-02-17,82.9,80.3,82.1,81.0,143,97832.0,7999860.6
COMB,N,0.0,COMMERCIAL BANK,2022-02-18,82.1,81.5,81.6,82.1,107,63171.0,5159116.2
COMB,N,0.0,COMMERCIAL BANK,2022-02-21,82.0,79.1,80.1,81.6,169,162080.0,13060778.3
COMB,N,0.0,COMMERCIAL BANK,2022-02-22,81.4,79.2,81.0,79.5,100,57157.0,4574054.5
COMB,N,0.0,COMMERCIAL BANK,2022-02-23,81.0,78.6,80.0,81.0,183,128860.0,10226326.9
COMB,N,0.0,COMMERCIAL BANK,2022-02-24,80.8,78.5,78.9,79.5,150,154523.0,12246772.5
COMB,N,0.0,COMMERCIAL BANK,2022-02-25,80.5,78.5,80.1,79.0,228,4350230.0,343709084.3
COMB,N,0.0,COMMERCIAL BANK,2022-02-28,82.5,79.8,81.9,82.0,309,1373924.0,111439914.0
COMB,N,0.0,COMMERCIAL BANK,2022-03-02,83.0,81.0,81.3,82.5,136,188977.0,15377766.4
COMB,N,0.0,COMMERCIAL BANK,2022-03-03,82.2,81.1,81.3,81.3,96,284397.0,23308959.2
COMB,N,0.0,COMMERCIAL BANK,2022-03-04,81.9,81.0,81.3,81.9,66,30021.0,2440814.9
COMB,N,0.0,COMMERCIAL BANK,2022-03-07,82.0,80.0,80.2,81.4,152,382989.0,30751001.5
COMB,N,0.0,COMMERCIAL BANK,2022-03-08,80.5,79.0,79.3,80.2,114,100181.0,7997842.0
COMB,N,0.0,COMMERCIAL BANK,2022-03-09,80.0,76.0,77.5,76.0,127,142156.0,11009742.9
COMB,N,0.0,COMMERCIAL BANK,2022-03-10,81.0,77.5,79.5,78.0,99,63167.0,5008364.0
COMB,N,0.0,COMMERCIAL BANK,2022-03-11,81.5,79.0,79.0,81.5,72,38022.0,3021685.3
COMB,N,0.0,COMMERCIAL BANK,2022-03-14,81.3,78.1,78.5,81.0,114,51520.0,4048883.2
COMB,N,0.0,COMMERCIAL BANK,2022-03-15,78.7,77.5,77.8,78.7,104,75135.0,5885776.0
COMB,N,0.0,COMMERCIAL BANK,2022-03-16,79.5,77.6,78.8,78.0,62,17794.0,1393090.3
COMB,N,0.0,COMMERCIAL BANK,2022-03-18,79.0,76.7,77.2,79.0,403,769563.0,59798371.7
COMB,N,0.0,COMMERCIAL BANK,2022-03-21,78.5,77.6,78.4,77.8,90,132500.0,10325001.4
COMB,N,0.0,COMMERCIAL BANK,2022-03-22,79.5,77.0,77.0,79.0,300,298719.0,23228417.3
COMB,N,0.0,COMMERCIAL BANK,2022-03-23,77.1,76.4,76.6,77.1,203,131876.0,10129176.1
COMB,N,0.0,COMMERCIAL BANK,2022-03-24,78.5,76.6,77.0,76.9,160,508401.0,39151997.1
COMB,N,0.0,COMMERCIAL BANK,2022-03-25,78.8,75.9,76.1,77.0,271,374367.0,28587258.5
COMB,N,0.0,COMMERCIAL BANK,2022-03-28,76.3,74.5,74.9,76.3,250,363387.0,27360451.4
COMB,N,0.0,COMMERCIAL BANK,2022-03-29,75.4,72.0,72.2,75.0,236,296510.0,21643831.7
COMB,N,0.0,COMMERCIAL BANK,2022-03-30,73.0,69.5,70.0,73.0,390,453068.0,31825916.3
COMB,N,0.0,COMMERCIAL BANK,2022-03-31,69.0,61.0,62.7,69.0,210,163308.0,10345617.6
COMB,N,0.0,COMMERCIAL BANK,2024-01-02,98.0,94.5,96.9,95.5,218,120591.0,11587528.8
COMB,N,0.0,COMMERCIAL BANK,2024-01-03,97.5,95.7,95.9,96.0,144,218632.0,20992986.9
COMB,N,0.0,COMMERCIAL BANK,2024-01-04,96.0,95.2,95.5,96.0,86,377339.0,36051604.1
COMB,N,0.0,COMMERCIAL BANK,2024-01-05,96.2,95.0,95.2,96.2,92,238327.0,22689253.1
COMB,N,0.0,COMMERCIAL BANK,2024-01-08,95.5,94.0,95.0,95.2,115,351582.0,33402491.3
COMB,N,0.0,COMMERCIAL BANK,2024-01-09,95.0,94.0,94.3,95.0,34,19420.0,1829595.0
COMB,N,0.0,COMMERCIAL BANK,2024-01-10,94.7,94.0,93.3,94.3,66,132821.0,12418747.0
COMB,N,0.0,COMMERCIAL BANK,2024-01-11,93.3,91.8,92.1,93.3,112,526800.0,48653056.7
COMB,N,0.0,COMMERCIAL BANK,2024-01-12,92.4,91.2,91.5,92.1,73,150619.0,13815031.9
COMB,N,0.0,COMMERCIAL BANK,2024-01-16,91.5,90.6,91.0,91.4,92,365108.0,33351843.0
COMB,N,0.0,COMMERCIAL BANK,2024-01-17,91.3,90.0,90.0,91.3,70,77539.0,6981862.3
COMB,N,0.0,COMMERCIAL BANK,2024-01-18,89.8,88.0,89.5,89.1,77,34071.0,3010210.1
COMB,N,0.0,COMMERCIAL BANK,2024-01-19,89.8,88.0,89.5,88.0,42,29061.0,2596481.8
COMB,N,0.0,COMMERCIAL BANK,2024-01-22,89.3,87.5,87.9,89.3,88,268515.0,23626375.7
COMB,N,0.0,COMMERCIAL BANK,2024-01-23,88.5,87.5,87.5,88.5,42,4764.0,417283.0
COMB,N,0.0,COMMERCIAL BANK,2024-01-24,88.0,87.5,87.8,87.8,51,82340.0,7233338.1
COMB,N,0.0,COMMERCIAL BANK,2024-01-26,88.0,87.7,88.0,87.9,55,225111.0,19807340.1
COMB,N,0.0,COMMERCIAL BANK,2024-01-29,88.7,87.4,88.0,87.5,70,69144.0,6060837.7
COMB,N,0.0,COMMERCIAL BANK,2024-01-30,88.4,87.0,87.1,88.4,74,45562.0,4003460.6
COMB,N,0.0,COMMERCIAL BANK,2024-01-31,87.1,86.0,86.2,86.7,103,70960.0,6138104.2
COMB,N,0.0,COMMERCIAL BANK,2024-02-01,89.0,86.1,88.1,87.0,169,572069.0,49801335.9
COMB,N,0.0,COMMERCIAL BANK,2024-02-02,89.0,87.9,88.0,89.0,133,93541.0,8253107.0
COMB,N,0.0,COMMERCIAL BANK,2024-02-06,88.5,87.5,87.7,88.5,230,485247.0,42687586.6
COMB,N,0.0,COMMERCIAL BANK,2024-02-07,89.0,88.0,89.0,88.0,54,98731.0,8765563.1
COMB,N,0.0,COMMERCIAL BANK,2024-02-08,89.7,88.9,89.0,89.0,49,106107.0,9456758.1
COMB,N,0.0,COMMERCIAL BANK,2024-02-09,89.5,88.8,89.5,89.5,56,154746.0,13797246.3
COMB,N,0.0,COMMERCIAL BANK,2024-02-12,89.9,89.3,89.5,89.7,52,47945.0,4290836.6
COMB,N,0.0,COMMERCIAL BANK,2024-02-13,89.9,88.8,89.5,89.9,69,803452.0,71896629.5
COMB,N,0.0,COMMERCIAL BANK,2024-02-14,89.0,88.5,88.6,89.0,33,1498396.0,134085574.8
COMB,N,0.0,COMMERCIAL BANK,2024-02-15,89.5,88.4,89.5,88.6,109,1196328.0,106491727.9
COMB,N,0.0,COMMERCIAL BANK,2024-02-16,90.0,89.0,90.0,89.0,97,169153.0,15138013.8
COMB,N,0.0,COMMERCIAL BANK,2024-02-19,91.5,89.6,91.1,90.0,102,434433.0,39313259.3
COMB,N,0.0,COMMERCIAL BANK,2024-02-20,91.5,90.3,90.6,91.1,78,128709.0,11657456.6
COMB,N,0.0,COMMERCIAL BANK,2024-02-21,91.4,90.6,91.0,91.0,75,255216.0,23203850.1
COMB,N,0.0,COMMERCIAL BANK,2024-02-22,91.6,90.9,91.3,91.1,129,180095.0,16400681.2
COMB,N,0.0,COMMERCIAL BANK,2024-02-26,92.9,91.0,91.0,91.2,85,55286.0,5050376.7
COMB,N,0.0,COMMERCIAL BANK,2024-02-27,91.2,90.3,91.0,91.2,95,456088.0,41490407.8
COMB,N,0.0,COMMERCIAL BANK,2024-02-28,91.0,90.2,90.4,91.0,58,35541.0,3217165.9
COMB,N,0.0,COMMERCIAL BANK,2024-02-29,90.4,89.9,90.0,90.4,67,2177216.0,195950058.2
COMB,N,0.0,COMMERCIAL BANK,2024-03-01,90.0,88.5,88.7,90.0,61,10046.0,894355.4
COMB,N,0.0,COMMERCIAL BANK,2024-03-04,89.0,88.0,88.4,89.0,86,11904.0,1049300.5
COMB,N,0.0,COMMERCIAL BANK,2024-03-05,91.4,88.0,90.0,88.6,117,70816.0,6369516.0
COMB,N,0.0,COMMERCIAL BANK,2024-03-06,92.0,90.1,90.9,90.1,49,59923.0,5445750.2
COMB,N,0.0,COMMERCIAL BANK,2024-03-07,92.5,91.0,91.9,92.5,79,101852.0,9311700.5
COMB,N,0.0,COMMERCIAL BANK,2024-03-11,94.8,92.0,94.0,92.0,127,298408.0,28022758.8
COMB,N,0.0,COMMERCIAL BANK,2024-03-12,94.5,92.6,94.0,94.5,92,177506.0,16690650.6
COMB,N,0.0,COMMERCIAL BANK,2024-03-13,94.3,93.0,94.0,94.0,92,170986.0,16070892.4
COMB,N,0.0,COMMERCIAL BANK,2024-03-14,94.9,94.0,94.6,94.0,92,39038.0,3689106.9
COMB,N,0.0,COMMERCIAL BANK,2024-03-15,95.0,94.5,94.7,94.9,86,64873.0,6144858.9
COMB,N,0.0,COMMERCIAL BANK,2024-03-18,95.5,94.5,95.1,94.9,92,182811.0,17369605.0
COMB,N,0.0,COMMERCIAL BANK,2024-03-19,95.3,94.0,94.1,95.3,104,171273.0,16221299.7
COMB,N,0.0,COMMERCIAL BANK,2024-03-20,94.8,94.0,94.4,94.8,54,41694.0,3933175.1
COMB,N,0.0,COMMERCIAL BANK,2024-03-21,94.3,93.5,93.8,94.2,55,115555.0,10851441.4
COMB,N,0.0,COMMERCIAL BANK,2024-03-22,95.0,93.4,95.0,93.8,89,281407.0,26624154.9
COMB,N,0.0,COMMERCIAL BANK,2024-03-25,95.0,94.5,94.7,95.0,51,11056.0,1047169.8
COMB,N,0.0,COMMERCIAL BANK,2024-03-26,96.2,94.0,95.6,94.0,132,345751.0,32870362.2
COMB,N,0.0,COMMERCIAL BANK,2024-03-27,97.0,95.7,96.2,96.2,116,217019.0,20838180.8
COMB,N,0.0,COMMERCIAL BANK,2024-03-28,98.6,96.2,97.7,96.2,336,1656095.0,163180011.1
COMB,N,0.0,COMMERCIAL BANK,2024-04-01,95.7,91.8,94.5,95.7,265,373675.0,34795600.5
COMB,N,0.0,COMMERCIAL BANK,2024-04-02,96.0,94.5,94.8,95.0,154,370795.0,35265223.0
COMB,N,0.0,COMMERCIAL BANK,2024-04-03,97.5,94.7,96.9,95.0,187,1291170.0,122877926.2
COMB,N,0.0,COMMERCIAL BANK,2024-04-04,100.5,97.1,99.8,97.4,370,828999.0,82543157.0
COMB,N,0.0,COMMERCIAL BANK,2024-04-05,106.5,99.8,105.25,100.0,586,3148869.0,325150327.6
COMB,N,0.0,COMMERCIAL BANK,2024-04-08,111.0,106.25,110.0,106.25,605,1733256.0,189354335.25
COMB,N,0.0,COMMERCIAL BANK,2024-04-09,110.25,106.5,110.0,110.0,424,1374125.0,150473253.5
COMB,N,0.0,COMMERCIAL BANK,2024-04-10,112.25,110.0,111.5,110.0,287,747154.0,83127215.5
COMB,N,0.0,COMMERCIAL BANK,2024-04-15,112.0,108.25,109.25,111.5,284,380613.0,41959811.75
COMB,N,0.0,COMMERCIAL BANK,2024-04-16,110.0,102.0,103.75,109.0,436,470331.0,49532299.0
COMB,N,0.0,COMMERCIAL BANK,2024-04-17,107.5,100.75,105.75,104.0,333,500653.0,52417392.25
COMB,N,0.0,COMMERCIAL BANK,2024-04-18,107.0,105.0,105.5,105.75,204,707780.0,74858470.25
COMB,N,0.0,COMMERCIAL BANK,2024-04-19,105.5,102.5,104.5,104.5,165,346831.0,36304271.25
COMB,N,0.0,COMMERCIAL BANK,2024-04-22,107.0,104.0,106.0,104.5,213,554991.0,58816280.0
COMB,N,0.0,COMMERCIAL BANK,2024-04-24,106.5,105.5,106.0,106.0,335,469057.0,49703430.75
COMB,N,0.0,COMMERCIAL BANK,2024-04-25,110.75,106.0,110.0,106.0,335,2570973.0,282587462.25
COMB,N,0.0,COMMERCIAL BANK,2024-04-26,114.75,110.0,114.5,110.0,399,732274.0,82100034.75
COMB,N,0.0,COMMERCIAL BANK,2024-04-29,116.75,115.0,116.25,115.0,373,1752342.0,202009983.5
COMB,N,0.0,COMMERCIAL BANK,2024-04-30,116.75,114.0,115.0,116.75,232,346966.0,39967286.5
COMB,N,0.0,COMMERCIAL BANK,2024-05-02,115.75,114.25,115.0,115.0,216,511919.0,58870221.0
COMB,N,0.0,COMMERCIAL BANK,2024-05-03,115.25,114.0,115.0,115.0,148,563129.0,64722953.5
COMB,N,0.0,COMMERCIAL BANK,2024-05-06,114.5,112.5,112.75,114.0,146,215551.0,24558639.25
COMB,N,0.0,COMMERCIAL BANK,2024-05-07,114.25,112.5,114.0,112.75,182,261118.0,29664391.25
COMB,N,0.0,COMMERCIAL BANK,2024-05-08,115.0,113.0,113.25,113.5,192,226342.0,25737840.5
COMB,N,0.0,COMMERCIAL BANK,2024-05-09,114.5,113.0,114.25,113.25,164,313965.0,35697419.5
COMB,N,0.0,COMMERCIAL BANK,2024-05-10,117.25,114.5,117.0,114.5,258,425580.0,49426322.25
COMB,N,0.0,COMMERCIAL BANK,2024-05-13,117.5,115.75,116.75,117.0,145,211379.0,24694173.0
COMB,N,0.0,COMMERCIAL BANK,2024-05-14,117.0,112.0,115.0,115.5,167,846944.0,98135714.25
COMB,N,0.0,COMMERCIAL BANK,2024-05-15,117.5,114.0,114.75,117.0,197,216212.0,25049919.75
COMB,N,0.0,COMMERCIAL BANK,2024-05-16,116.0,113.25,114.75,114.75,125,187048.0,21484543.0
COMB,N,0.0,COMMERCIAL BANK,2024-05-17,114.0,111.75,113.0,114.0,154,154878.0,17431510.5
COMB,N,0.0,COMMERCIAL BANK,2024-05-20,113.5,109.0,112.0,112.5,140,69084.0,7677646.0
COMB,N,0.0,COMMERCIAL BANK,2024-05-21,112.25,111.0,111.75,111.0,125,219367.0,24429344.25
COMB,N,0.0,COMMERCIAL BANK,2024-05-22,114.75,112.0,114.25,112.25,99,191179.0,21749146.5
COMB,N,0.0,COMMERCIAL BANK,2024-05-27,115.0,113.0,113.5,114.5,74,82986.0,9439353.0
COMB,N,0.0,COMMERCIAL BANK,2024-05-28,113.25,112.0,112.75,113.0,75,31335.0,3534642.75
COMB,N,0.0,COMMERCIAL BANK,2024-05-29,109.0,100.0,103.5,109.0,1141,2152051.0,221519377.5
COMB,N,0.0,COMMERCIAL BANK,2024-05-30,107.5,104.5,107.0,104.5,375,555924.0,58684915.0
COMB,N,0.0,COMMERCIAL BANK,2024-05-31,107.75,105.25,105.75,107.75,227,224242.0,23858979.5
COMB,N,0.0,COMMERCIAL BANK,2024-06-03,106.75,105.5,106.25,106.75,113,141450.0,14998521.0
COMB,N,0.0,COMMERCIAL BANK,2024-06-04,106.75,105.0,105.75,106.5,126,55733.0,5882734.75
COMB,N,0.0,COMMERCIAL BANK,2024-06-05,106.75,105.25,106.0,105.25,181,340501.0,36053806.25
COMB,N,0.0,COMMERCIAL BANK,2024-06-06,110.0,105.5,108.0,105.5,209,327052.0,35151037.25
COMB,N,0.0,COMMERCIAL BANK,2024-06-07,110.0,108.0,108.75,110.0,102,118098.0,12819249.5
COMB,N,0.0,COMMERCIAL BANK,2024-06-10,109.25,108.0,108.75,108.0,168,765336.0,83205637.25
COMB,N,0.0,COMMERCIAL BANK,2024-06-11,110.25,108.0,108.75,109.25,227,351797.0,38637595.5
COMB,N,0.0,COMMERCIAL BANK,2024-06-12,110.0,108.5,109.25,110.0,95,997262.0,108395668.75
COMB,N,0.0,COMMERCIAL BANK,2024-06-13,110.0,108.25,109.25,109.75,144,4333840.0,476629730.5
COMB,N,0.0,COMMERCIAL BANK,2024-06-14,109.0,108.0,108.0,109.0,97,138857.0,15055073.75
COMB,N,0.0,COMMERCIAL BANK,2024-06-18,109.0,106.0,106.75,108.25,97,73232.0,7841780.0
COMB,N,0.0,COMMERCIAL BANK,2024-06-19,108.0,105.75,106.25,106.25,96,148710.0,15780786.5
COMB,N,0.0,COMMERCIAL BANK,2024-06-20,106.25,105.5,105.5,105.5,109,475089.0,50138013.0
COMB,N,0.0,COMMERCIAL BANK,2024-06-24,106.5,105.5,105.75,105.75,114,435021.0,46104823.0
COMB,N,0.0,COMMERCIAL BANK,2024-06-25,107.25,105.75,106.0,106.0,183,25345052.0,2786678626.0
COMB,N,0.0,COMMERCIAL BANK,2024-06-26,107.0,105.75,107.0,106.5,156,247197.0,26285243.5
COMB,N,0.0,COMMERCIAL BANK,2024-06-27,107.5,105.75,106.0,107.0,161,354489.0,37699514.25
COMB,N,0.0,COMMERCIAL BANK,2024-06-28,106.25,104.25,105.0,106.25,195,469040.0,49231862.0
COMB,N,0.0,COMMERCIAL BANK,2024-07-01,106.25,104.0,104.25,106.25,169,84363.0,8793315.5
COMB,N,0.0,COMMERCIAL BANK,2024-07-02,105.75,103.75,104.0,105.75,180,245236.0,25522074.0
COMB,N,0.0,COMMERCIAL BANK,2024-07-03,105.0,103.75,104.0,104.75,78,76175.0,7933204.0
COMB,N,0.0,COMMERCIAL BANK,2024-07-04,105.75,103.0,103.5,105.5,168,505833.0,52556039.25
COMB,N,0.0,COMMERCIAL BANK,2024-07-05,105.0,103.0,103.5,103.5,132,133324.0,13821206.75
COMB,N,0.0,COMMERCIAL BANK,2024-07-08,104.0,103.0,103.0,103.75,126,160240.0,16517147.0
COMB,N,0.0,COMMERCIAL BANK,2024-07-09,103.0,101.5,101.75,103.0,182,201507.0,20530994.25
COMB,N,0.0,COMMERCIAL BANK,2024-07-10,102.0,101.0,101.25,102.0,169,61307.0,6223629.0
COMB,N,0.0,COMMERCIAL BANK,2024-07-11,102.0,101.0,101.25,102.0,128,82133.0,8317078.5
COMB,N,0.0,COMMERCIAL BANK,2024-07-12,104.0,101.5,103.5,101.5,160,255769.0,26364877.25
COMB,N,0.0,COMMERCIAL BANK,2024-07-15,105.0,103.5,104.5,103.5,563,550463.0,57437600.75
COMB,N,0.0,COMMERCIAL BANK,2024-07-16,102.75,100.5,100.75,101.0,214,129699.0,13104525.25
COMB,N,0.0,COMMERCIAL BANK,2024-07-17,101.0,99.0,99.9,101.0,168,59910.0,5972516.05
COMB,N,0.0,COMMERCIAL BANK,2024-07-18,100.0,99.0,99.4,99.7,106,159738.0,15884718.7
COMB,N,0.0,COMMERCIAL BANK,2024-07-19,99.9,99.0,99.4,99.0,96,29053.0,2884965.5
COMB,N,0.0,COMMERCIAL BANK,2024-07-22,99.3,95.0,95.2,99.1,246,169529.0,16294459.0
COMB,N,0.0,COMMERCIAL BANK,2024-07-23,96.9,94.8,95.8,95.2,124,129543.0,12365394.1
COMB,N,0.0,COMMERCIAL BANK,2024-07-24,97.4,95.2,97.0,95.5,105,145969.0,14046185.8
COMB,N,0.0,COMMERCIAL BANK,2024-07-25,98.7,96.0,96.4,97.5,153,166555.0,16034833.9
COMB,N,0.0,COMMERCIAL BANK,2024-07-26,96.1,94.5,95.1,96.0,135,231736.0,21951825.9
COMB,N,0.0,COMMERCIAL BANK,2024-07-29,95.0,94.4,94.7,95.0,157,156532.0,14807357.9
COMB,R,1.0,COMMERCIAL BANK,2024-07-30,5.5,3.7,4.3,5.0,441,565115.0,2364093.4
COMB,R,0.0,COMMERCIAL BANK,2024-07-30,8.9,6.4,7.5,8.9,738,2376552.0,17548265.5
COMB,N,0.0,COMMERCIAL BANK,2024-07-30,94.1,93.0,93.1,94.1,173,78136.0,7299564.7
COMB,R,0.0,COMMERCIAL BANK,2024-07-31,7.4,6.9,7.0,7.4,312,971669.0,6867413.5
COMB,N,0.0,COMMERCIAL BANK,2024-07-31,94.0,92.2,92.5,94.0,134,63023.0,5842828.3
COMB,R,1.0,COMMERCIAL BANK,2024-07-31,4.4,4.0,4.0,4.1,224,922376.0,3965127.5
COMB,N,0.0,COMMERCIAL BANK,2024-08-01,94.5,92.4,92.8,92.8,68,47790.0,4446070.3
COMB,R,1.0,COMMERCIAL BANK,2024-08-01,4.2,3.9,4.0,4.0,119,201668.0,806016.7
COMB,R,0.0,COMMERCIAL BANK,2024-08-01,7.1,6.5,6.7,7.0,282,773390.0,5288797.4
COMB,R,0.0,COMMERCIAL BANK,2024-08-02,6.7,6.3,6.5,6.5,398,1601798.0,10420733.2
COMB,N,0.0,COMMERCIAL BANK,2024-08-02,93.5,92.5,93.0,93.0,85,76511.0,7115230.2
COMB,R,1.0,COMMERCIAL BANK,2024-08-02,3.9,3.6,3.6,3.9,163,310252.0,1138733.2
COMB,R,1.0,COMMERCIAL BANK,2024-08-05,3.6,1.8,2.0,3.6,393,996736.0,2717969.7
COMB,N,0.0,COMMERCIAL BANK,2024-08-05,93.0,88.3,89.4,93.0,335,202469.0,18251732.3
COMB,R,0.0,COMMERCIAL BANK,2024-08-05,6.5,3.0,3.4,6.5,664,3001057.0,13476724.1
COMB,R,0.0,COMMERCIAL BANK,2024-08-06,4.1,2.0,3.4,3.0,764,2984613.0,8131634.9
COMB,R,1.0,COMMERCIAL BANK,2024-08-06,2.5,1.0,1.7,1.5,404,1393723.0,2022000.6
COMB,N,0.0,COMMERCIAL BANK,2024-08-06,90.5,88.5,89.4,90.0,254,286236.0,25510765.4
COMB,N,0.0,COMMERCIAL BANK,2024-08-07,90.5,89.7,89.7,90.0,116,77824.0,7004780.0
COMB,N,0.0,COMMERCIAL BANK,2024-08-08,90.0,89.0,89.1,90.0,115,226839.0,20332299.5
COMB,N,0.0,COMMERCIAL BANK,2024-08-09,90.0,88.5,89.0,90.0,107,256236.0,22813989.2
COMB,N,0.0,COMMERCIAL BANK,2024-08-12,91.5,88.5,91.4,89.0,131,188950.0,17011643.8
COMB,N,0.0,COMMERCIAL BANK,2024-08-13,91.4,90.3,91.1,90.5,66,23649.0,2150848.8
COMB,N,0.0,COMMERCIAL BANK,2024-08-14,93.5,91.0,92.9,91.3,130,242162.0,22433221.9
COMB,N,0.0,COMMERCIAL BANK,2024-08-15,96.0,93.0,94.0,93.0,97,36586.0,3448061.7
COMB,N,0.0,COMMERCIAL BANK,2024-08-16,94.8,93.7,93.7,94.0,66,22358.0,2100338.9
COMB,N,0.0,COMMERCIAL BANK,2024-08-20,94.4,93.5,93.5,94.0,96,160289.0,14998646.2
COMB,N,0.0,COMMERCIAL BANK,2024-08-21,94.0,93.0,93.7,94.0,83,55777.0,5211961.0
COMB,N,0.0,COMMERCIAL BANK,2024-08-22,93.9,93.0,93.0,93.9,115,2138995.0,205115664.8
COMB,N,0.0,COMMERCIAL BANK,2024-08-23,94.3,91.0,92.1,94.3,87,64558.0,5941363.5
COMB,N,0.0,COMMERCIAL BANK,2024-08-26,91.9,89.6,90.1,91.9,224,102043.0,9200505.2
COMB,N,0.0,COMMERCIAL BANK,2024-08-27,92.0,89.1,89.3,90.0,163,290412.0,26122736.2
COMB,N,0.0,COMMERCIAL BANK,2024-08-28,89.0,86.5,86.6,89.0,488,370464.0,32427319.3
COMB,N,0.0,COMMERCIAL BANK,2024-08-29,88.7,85.6,85.9,86.4,372,426972.0,36867983.2
COMB,N,0.0,COMMERCIAL BANK,2024-08-30,88.0,85.6,86.6,86.4,180,326909.0,28079365.8
COMB,N,0.0,COMMERCIAL BANK,2024-09-02,87.0,84.4,84.7,86.0,451,313967.0,26732379.8
COMB,N,0.0,COMMERCIAL BANK,2024-09-03,84.9,83.0,83.7,84.5,384,695529.0,58175367.8
COMB,N,0.0,COMMERCIAL BANK,2024-09-04,86.5,83.0,86.0,84.0,306,2157898.0,183361530.1
COMB,N,0.0,COMMERCIAL BANK,2024-09-05,89.0,85.2,86.0,86.7,215,839983.0,78232942.5
COMB,N,0.0,COMMERCIAL BANK,2024-09-06,87.5,84.0,84.0,85.8,267,323657.0,27460226.6
COMB,N,0.0,COMMERCIAL BANK,2024-09-09,84.1,81.5,81.7,84.1,718,439278.0,36318667.9
COMB,N,0.0,COMMERCIAL BANK,2024-09-10,82.5,79.9,80.4,81.9,746,693987.0,55758248.6
COMB,N,0.0,COMMERCIAL BANK,2024-09-11,81.2,79.9,80.0,81.0,603,4573871.0,366250306.1
COMB,N,0.0,COMMERCIAL BANK,2024-09-12,81.5,78.0,79.8,80.0,774,5236542.0,410733800.1
COMB,N,0.0,COMMERCIAL BANK,2024-09-13,82.5,79.8,82.4,79.8,300,566654.0,45761714.2
COMB,N,0.0,COMMERCIAL BANK,2024-09-18,83.7,81.0,83.2,82.7,677,1346845.0,111011546.9
COMB,N,0.0,COMMERCIAL BANK,2024-09-19,85.5,83.5,85.0,83.8,535,1097664.0,93016221.6
COMB,N,0.0,COMMERCIAL BANK,2024-09-20,89.1,86.0,88.4,88.0,794,1737010.0,152248799.8
COMB,N,0.0,COMMERCIAL BANK,2024-09-23,91.5,86.0,90.9,87.0,621,1174033.0,104440541.7
COMB,N,0.0,COMMERCIAL BANK,2024-09-24,94.5,91.2,94.0,91.4,1007,4259388.0,395943269.4
COMB,N,0.0,COMMERCIAL BANK,2024-09-25,101.0,94.6,99.6,94.8,1089,5397874.0,533825184.9
COMB,N,0.0,COMMERCIAL BANK,2024-09-26,104.75,98.0,99.1,100.5,1125,2200644.0,222699970.05
COMB,N,0.0,COMMERCIAL BANK,2024-09-27,100.25,97.5,99.8,100.0,494,892209.0,88567405.9
COMB,N,0.0,COMMERCIAL BANK,2024-09-30,103.0,100.0,101.25,100.0,432,788576.0,80216555.0
COMB,N,0.0,COMMERCIAL BANK,2024-10-01,103.75,99.6,103.25,102.0,519,1455817.0,148562990.5
COMB,N,0.0,COMMERCIAL BANK,2024-10-02,106.0,101.25,104.75,102.0,782,3635069.0,379340918.25
COMB,N,0.0,COMMERCIAL BANK,2024-10-03,104.75,102.5,104.0,104.75,250,597036.0,61686738.75
COMB,N,0.0,COMMERCIAL BANK,2024-10-04,106.25,103.25,105.0,104.25,415,1492525.0,156752616.25
COMB,N,0.0,COMMERCIAL BANK,2024-10-07,107.5,105.5,106.5,105.5,601,3194391.0,340062287.0
COMB,N,0.0,COMMERCIAL BANK,2024-10-08,107.25,106.25,107.0,107.25,404,1258744.0,134462785.75
COMB,N,0.0,COMMERCIAL BANK,2024-10-09,107.25,106.0,106.5,106.75,233,799135.0,85244968.5
COMB,N,0.0,COMMERCIAL BANK,2024-10-10,107.25,106.0,107.0,106.75,402,1128308.0,119768346.75
COMB,N,0.0,COMMERCIAL BANK,2024-10-11,109.5,107.0,109.0,107.5,505,1391923.0,150894800.25
COMB,N,0.0,COMMERCIAL BANK,2024-10-14,109.75,108.0,108.0,109.0,294,348510.0,37895052.0
COMB,N,0.0,COMMERCIAL BANK,2024-10-15,108.5,107.5,108.0,108.25,189,681064.0,73536869.75
COMB,N,0.0,COMMERCIAL BANK,2024-10-16,108.5,108.0,108.0,108.0,171,414842.0,44809649.25
COMB,N,0.0,COMMERCIAL BANK,2024-10-18,109.0,108.0,108.5,108.0,133,123466.0,13372670.25
COMB,N,0.0,COMMERCIAL BANK,2024-10-21,109.0,108.0,108.5,108.5,163,505055.0,54838963.75
COMB,N,0.0,COMMERCIAL BANK,2024-10-22,108.75,108.0,108.25,108.5,125,296626.0,32083366.5
COMB,N,0.0,COMMERCIAL BANK,2024-10-23,111.0,108.0,110.25,108.0,367,2353967.0,257419432.0
COMB,N,0.0,COMMERCIAL BANK,2024-10-24,111.5,110.5,111.25,110.5,287,503953.0,55941814.0
COMB,N,0.0,COMMERCIAL BANK,2024-10-25,114.5,111.5,113.5,111.5,492,1169313.0,132583985.25
COMB,N,0.0,COMMERCIAL BANK,2024-10-28,114.5,113.5,114.0,113.75,255,487409.0,55509449.0
COMB,N,0.0,COMMERCIAL BANK,2024-10-29,118.0,114.0,117.75,114.0,699,2203738.0,255194982.0
COMB,N,0.0,COMMERCIAL BANK,2024-10-30,122.5,118.0,118.0,118.5,873,1980656.0,237858179.5
COMB,N,0.0,COMMERCIAL BANK,2024-11-01,120.25,116.0,118.0,118.0,436,580874.0,68519025.25
COMB,N,0.0,COMMERCIAL BANK,2024-11-04,119.0,116.75,117.25,118.0,295,160266.0,18856255.25
COMB,N,0.0,COMMERCIAL BANK,2024-11-05,118.0,116.0,116.75,117.5,340,978125.0,113893881.25
COMB,N,0.0,COMMERCIAL BANK,2024-11-06,117.0,115.0,115.5,116.75,455,970607.0,112120707.0
COMB,N,0.0,COMMERCIAL BANK,2024-11-07,115.75,114.25,114.5,115.25,338,1489517.0,171615495.75
COMB,N,0.0,COMMERCIAL BANK,2024-11-08,117.0,113.75,115.0,114.0,314,405753.0,46798319.25
COMB,N,0.0,COMMERCIAL BANK,2024-11-11,119.0,114.5,118.25,114.75,298,871545.0,101989338.0
COMB,N,0.0,COMMERCIAL BANK,2024-11-12,119.75,118.25,119.0,118.25,227,387730.0,46234497.0
COMB,N,0.0,COMMERCIAL BANK,2024-11-13,119.75,118.5,119.25,119.5,369,699137.0,83123850.75
COMB,N,0.0,COMMERCIAL BANK,2024-11-14,123.75,120.0,122.5,120.0,655,2135894.0,260410669.25
COMB,N,0.0,COMMERCIAL BANK,2024-11-18,128.75,123.5,124.0,125.0,803,3281957.0,415744280.5
COMB,N,0.0,COMMERCIAL BANK,2024-11-19,124.25,120.5,122.25,124.25,424,696577.0,85134097.25
COMB,N,0.0,COMMERCIAL BANK,2024-11-20,123.75,122.0,123.25,122.5,301,1122956.0,138174943.75
COMB,N,0.0,COMMERCIAL BANK,2024-11-21,123.5,119.0,120.5,123.5,378,1813539.0,220505535.75
COMB,N,0.0,COMMERCIAL BANK,2024-11-22,123.0,120.75,122.0,120.75,232,459563.0,56050287.5
COMB,N,0.0,COMMERCIAL BANK,2024-11-25,122.5,119.25,120.0,120.75,267,573875.0,68987358.25
COMB,N,0.0,COMMERCIAL BANK,2024-11-26,123.0,119.0,121.5,119.0,248,780270.0,95856706.0
COMB,N,0.0,COMMERCIAL BANK,2024-11-27,122.5,121.25,122.0,122.0,195,548291.0,66859552.25
COMB,N,0.0,COMMERCIAL BANK,2024-11-28,123.75,122.25,123.0,122.25,321,851086.0,104745149.5
COMB,N,0.0,COMMERCIAL BANK,2024-11-29,124.0,122.75,123.25,123.5,194,333675.0,41135532.25
COMB,N,0.0,COMMERCIAL BANK,2024-12-02,123.25,122.5,123.0,123.0,148,198860.0,24416854.75
COMB,N,0.0,COMMERCIAL BANK,2024-12-03,124.0,123.0,123.5,123.0,159,249324.0,30747584.75
COMB,N,0.0,COMMERCIAL BANK,2024-12-04,127.25,123.0,127.0,123.5,573,3872423.0,488597687.5
COMB,N,0.0,COMMERCIAL BANK,2024-12-05,130.0,127.25,129.0,127.25,588,1416315.0,182673230.25
COMB,N,0.0,COMMERCIAL BANK,2024-12-06,129.5,128.5,128.75,128.5,211,983502.0,126578528.0
COMB,N,0.0,COMMERCIAL BANK,2024-12-09,129.25,127.75,129.0,128.75,286,843017.0,108469577.0
COMB,N,0.0,COMMERCIAL BANK,2024-12-10,129.25,128.5,129.0,129.0,204,348029.0,44847235.75
COMB,N,0.0,COMMERCIAL BANK,2024-12-11,129.25,128.75,129.0,129.0,231,471397.0,60764081.25
COMB,N,0.0,COMMERCIAL BANK,2024-12-12,131.0,128.75,130.0,129.0,429,1834437.0,238290384.75
COMB,N,0.0,COMMERCIAL BANK,2024-12-13,131.75,129.25,131.5,130.0,527,1741455.0,228308289.0
COMB,N,0.0,COMMERCIAL BANK,2024-12-16,135.5,132.0,134.25,132.0,627,1618555.0,216888997.5
COMB,N,0.0,COMMERCIAL BANK,2024-12-17,137.75,134.0,137.5,134.75,747,6192093.0,846507928.75
COMB,N,0.0,COMMERCIAL BANK,2024-12-18,137.5,136.0,137.0,137.5,331,659946.0,90341078.25
COMB,N,0.0,COMMERCIAL BANK,2024-12-19,138.0,134.75,135.25,137.5,371,892948.0,121393484.25
COMB,N,0.0,COMMERCIAL BANK,2024-12-20,137.0,134.75,135.5,136.0,319,550571.0,74682698.75
COMB,N,0.0,COMMERCIAL BANK,2024-12-23,138.5,137.0,138.0,137.0,511,1665525.0,229555121.0
COMB,N,0.0,COMMERCIAL BANK,2024-12-24,139.5,137.5,139.25,138.0,395,2164438.0,299983986.5
COMB,N,0.0,COMMERCIAL BANK,2024-12-26,139.5,138.0,138.5,139.25,340,257852.0,35749093.75
COMB,N,0.0,COMMERCIAL BANK,2024-12-27,141.5,138.0,140.25,138.5,571,3187957.0,445782088.0
COMB,N,0.0,COMMERCIAL BANK,2024-12-30,145.0,142.0,143.0,142.0,705,6848065.0,970019434.75
COMB,N,0.0,COMMERCIAL BANK,2024-12-31,145.75,143.0,144.75,143.0,569,4117042.0,593668664.0
COMB,N,0.0,COMMERCIAL BANK,2025-01-02,146.5,144.0,146.0,146.0,465,3208286.0,468117765.0
COMB,N,0.0,COMMERCIAL BANK,2025-01-03,146.5,139.0,141.75,141.75,693,1059738.0,151933726.5
COMB,N,0.0,COMMERCIAL BANK,2025-01-06,143.0,135.0,137.75,137.75,899,1642548.0,229003150.75
COMB,N,0.0,COMMERCIAL BANK,2025-01-07,140.0,135.0,139.25,139.25,422,464706.0,64082072.25
COMB,N,0.0,COMMERCIAL BANK,2025-01-08,141.0,138.5,140.5,140.5,377,2092766.0,294094167.5
COMB,N,0.0,COMMERCIAL BANK,2025-01-09,141.0,137.75,138.0,138.0,326,476424.0,66138527.0
COMB,N,0.0,COMMERCIAL BANK,2025-01-10,139.0,137.5,138.5,138.5,269,272565.0,37729687.25
COMB,N,0.0,COMMERCIAL BANK,2025-01-15,141.5,138.0,141.5,141.5,319,1066582.0,150307052.75
COMB,N,0.0,COMMERCIAL BANK,2025-01-16,145.0,142.0,144.25,144.25,351,599715.0,86630475.0
COMB,N,0.0,COMMERCIAL BANK,2025-01-17,145.25,144.0,145.25,145.25,362,2402545.0,348358709.75
COMB,N,0.0,COMMERCIAL BANK,2025-01-20,147.25,145.5,146.0,146.0,403,1087262.0,158882709.5
COMB,N,0.0,COMMERCIAL BANK,2025-01-21,148.0,146.0,147.5,147.5,470,4725899.0,693841446.0
COMB,N,0.0,COMMERCIAL BANK,2025-01-22,150.0,148.5,149.75,149.75,793,6237285.0,926026179.75
COMB,N,0.0,COMMERCIAL BANK,2025-01-23,151.0,148.0,149.25,149.25,606,1241967.0,185988314.0
COMB,N,0.0,COMMERCIAL BANK,2025-01-24,149.75,148.5,149.25,149.25,286,402105.0,60023695.25
COMB,N,0.0,COMMERCIAL BANK,2025-01-27,150.25,148.5,149.25,149.25,299,587433.0,87874446.5
COMB,N,0.0,COMMERCIAL BANK,2025-01-28,150.0,148.5,149.75,149.75,257,671786.0,100522738.75
COMB,N,0.0,COMMERCIAL BANK,2025-01-29,150.0,147.75,148.0,148.0,350,2879723.0,430807098.5
COMB,N,0.0,COMMERCIAL BANK,2025-01-30,150.0,148.0,148.0,148.0,166,353067.0,52709776.25
COMB,N,0.0,COMMERCIAL BANK,2025-01-31,149.5,148.0,148.5,148.5,194,1525311.0,226765712.0
COMB,N,0.0,COMMERCIAL BANK,2025-02-03,149.5,147.0,147.75,147.75,263,263249.0,38953637.25
COMB,N,0.0,COMMERCIAL BANK,2025-02-05,148.0,141.0,142.25,142.25,620,1193994.0,171576004.0
COMB,N,0.0,COMMERCIAL BANK,2025-02-06,144.0,139.5,143.0,143.0,403,532819.0,75559566.5
COMB,N,0.0,COMMERCIAL BANK,2025-02-07,146.75,144.0,146.0,146.0,232,318738.0,46214961.75
COMB,N,0.0,COMMERCIAL BANK,2025-02-10,147.25,145.5,146.25,146.25,211,369105.0,53958676.5
COMB,N,0.0,COMMERCIAL BANK,2025-02-11,147.5,143.0,144.25,144.25,253,429839.0,62242766.0
COMB,N,0.0,COMMERCIAL BANK,2025-02-13,146.5,144.0,146.0,146.0,182,164629.0,24024266.5
COMB,N,0.0,COMMERCIAL BANK,2025-02-14,148.5,146.0,148.0,148.0,168,163908.0,24233883.75
COMB,N,0.0,COMMERCIAL BANK,2025-02-17,150.0,148.0,149.75,149.75,295,1060619.0,158770585.25
COMB,N,0.0,COMMERCIAL BANK,2025-02-18,152.25,150.0,151.75,151.75,411,2319243.0,349137385.5
COMB,N,0.0,COMMERCIAL BANK,2025-02-19,152.0,149.75,150.25,150.25,315,3065285.0,461088685.5
COMB,N,0.0,COMMERCIAL BANK,2025-02-20,151.5,148.5,149.25,149.25,187,295547.0,44229201.0
COMB,N,0.0,COMMERCIAL BANK,2025-02-21,152.25,149.5,152.0,152.0,299,4569688.0,688150507.25
COMB,N,0.0,COMMERCIAL BANK,2025-02-24,152.0,149.0,150.0,150.0,214,242006.0,36258122.75
COMB,N,0.0,COMMERCIAL BANK,2025-02-25,150.0,144.5,145.0,145.0,383,683010.0,99912728.25
COMB,N,0.0,COMMERCIAL BANK,2025-02-27,148.75,145.25,146.0,146.0,210,535334.0,78536861.75
COMB,N,0.0,COMMERCIAL BANK,2025-02-28,149.5,146.25,148.5,148.5,134,780844.0,114885061.25
COMB,N,0.0,COMMERCIAL BANK,2025-03-03,151.0,145.0,145.5,145.5,357,291032.0,42962255.75
COMB,N,0.0,COMMERCIAL BANK,2025-03-04,148.0,141.75,142.75,142.75,323,356411.0,51099872.75
COMB,N,0.0,COMMERCIAL BANK,2025-03-05,144.0,142.0,143.5,143.5,295,441215.0,62995572.0
COMB,N,0.0,COMMERCIAL BANK,2025-03-06,146.25,142.75,143.5,143.5,180,413679.0,59723470.0
COMB,N,0.0,COMMERCIAL BANK,2025-03-07,144.25,142.0,142.75,142.75,169,148021.0,21055566.75
COMB,N,0.0,COMMERCIAL BANK,2025-03-10,143.75,141.5,141.75,141.75,173,97271.0,13825848.0
COMB,N,0.0,COMMERCIAL BANK,2025-03-11,143.0,138.0,138.5,138.5,276,135836.0,18969852.5
COMB,N,0.0,COMMERCIAL BANK,2025-03-12,142.0,138.75,141.5,141.5,170,208964.0,29263090.75
COMB,N,0.0,COMMERCIAL BANK,2025-03-14,143.0,141.0,141.0,141.0,177,144100.0,20381797.75
COMB,N,0.0,COMMERCIAL BANK,2025-03-17,142.5,139.0,139.5,139.5,213,87562.0,12266128.0
COMB,N,0.0,COMMERCIAL BANK,2025-03-18,140.0,135.5,136.25,136.25,377,220455.0,30227676.75
COMB,N,0.0,COMMERCIAL BANK,2025-03-19,139.5,135.75,138.75,138.75,181,344715.0,47455289.75
COMB,N,0.0,COMMERCIAL BANK,2025-03-20,144.0,138.5,142.5,142.5,134,146843.0,20628777.25
COMB,N,0.0,COMMERCIAL BANK,2025-03-21,146.75,143.0,146.0,146.0,170,325486.0,47084914.5
COMB,N,0.0,COMMERCIAL BANK,2025-03-24,147.5,146.0,146.0,146.0,251,1408352.0,206890642.0
COMB,N,0.0,COMMERCIAL BANK,2025-03-25,147.0,145.75,146.5,146.5,98,645323.0,94573832.5
COMB,N,0.0,COMMERCIAL BANK,2025-03-26,147.5,146.0,147.0,147.0,147,682142.0,100190772.25
COMB,N,0.0,COMMERCIAL BANK,2025-03-27,148.25,146.5,147.75,147.75,139,793592.0,117414736.0
COMB,N,0.0,COMMERCIAL BANK,2025-03-28,148.75,145.25,147.5,147.5,271,1430714.0,211591508.75
COMB,N,0.0,COMMERCIAL BANK,2025-04-01,146.0,139.75,143.75,143.75,454,1350410.0,193579255.0
COMB,N,0.0,COMMERCIAL BANK,2025-04-02,145.0,142.75,143.5,143.5,205,282352.0,40476615.75
COMB,N,0.0,COMMERCIAL BANK,2025-04-03,142.5,138.0,138.25,138.25,534,2190008.0,307019816.25
COMB,N,0.0,COMMERCIAL BANK,2025-04-04,138.0,130.0,134.0,134.0,659,1224897.0,165025671.0
COMB,N,0.0,COMMERCIAL BANK,2025-04-07,132.75,120.0,122.5,122.5,1370,4280535.0,529597204.75
COMB,N,0.0,COMMERCIAL BANK,2025-04-08,135.0,124.0,130.25,130.25,738,1591620.0,206707983.25
COMB,N,0.0,COMMERCIAL BANK,2025-04-09,130.25,125.0,127.75,127.75,593,2119620.0,270179398.75
COMB,N,0.0,COMMERCIAL BANK,2025-04-10,145.0,136.0,139.75,139.75,948,5658500.0,776991338.25
COMB,N,0.0,COMMERCIAL BANK,2025-04-11,140.0,137.0,139.75,139.75,273,671493.0,93684000.0
COMB,N,0.0,COMMERCIAL BANK,2025-04-16,140.0,139.0,139.25,139.25,178,55372.0,7729192.5
COMB,N,0.0,COMMERCIAL BANK,2025-04-17,140.0,138.0,139.0,139.0,192,70574.0,9797243.75
COMB,N,0.0,COMMERCIAL BANK,2025-04-21,140.0,138.25,138.5,138.5,150,296250.0,41070912.25
COMB,N,0.0,COMMERCIAL BANK,2025-04-22,139.0,136.25,137.0,137.0,242,59233.0,8142454.25
COMB,N,0.0,COMMERCIAL BANK,2025-04-23,137.5,136.0,136.5,136.5,163,48646.0,6654340.0
COMB,N,0.0,COMMERCIAL BANK,2025-04-24,137.0,135.0,135.75,135.75,243,604144.0,82130587.5
COMB,N,0.0,COMMERCIAL BANK,2025-04-25,137.5,135.75,136.5,136.5,175,590880.0,80782716.25
COMB,N,0.0,COMMERCIAL BANK,2025-04-28,139.5,135.5,137.0,137.0,275,1063516.0,144879305.25
COMB,N,0.0,COMMERCIAL BANK,2025-04-29,139.0,137.0,137.5,137.5,101,121450.0,16662248.75
COMB,N,0.0,COMMERCIAL BANK,2025-04-30,138.0,136.5,136.5,136.5,192,554151.0,75874984.25
COMB,N,0.0,COMMERCIAL BANK,2025-05-02,138.0,135.75,136.0,136.0,239,344202.0,46822762.25
COMB,N,0.0,COMMERCIAL BANK,2025-05-05,139.25,137.5,138.0,138.0,125,26328.0,3648312.25
COMB,N,0.0,COMMERCIAL BANK,2025-05-06,138.75,137.25,138.25,138.25,79,20335.0,2811698.25
COMB,N,0.0,COMMERCIAL BANK,2025-05-07,138.75,136.0,136.5,136.5,194,100911.0,13755659.0
COMB,N,0.0,COMMERCIAL BANK,2025-05-08,138.75,136.25,137.25,137.25,114,19160.0,2632687.0
COMB,N,0.0,COMMERCIAL BANK,2025-05-09,138.0,136.5,137.25,137.25,112,68827.0,9419038.25
COMB,N,0.0,COMMERCIAL BANK,2025-05-14,141.75,137.75,140.0,140.0,211,387963.0,54228585.75
COMB,N,0.0,COMMERCIAL BANK,2025-05-15,142.75,141.25,142.75,142.75,299,2046112.0,291332659.5
COMB,N,0.0,COMMERCIAL BANK,2025-05-16,143.5,142.25,142.75,142.75,227,313456.0,44789255.75
COMB,N,0.0,COMMERCIAL BANK,2025-05-19,144.75,143.0,143.5,143.5,362,1673515.0,240884575.75
COMB,N,0.0,COMMERCIAL BANK,2025-05-20,144.5,143.0,143.0,143.0,188,642046.0,92064303.0
COMB,N,0.0,COMMERCIAL BANK,2025-05-21,143.5,142.75,143.0,143.0,159,1287680.0,184146102.0
COMB,N,0.0,COMMERCIAL BANK,2025-05-22,144.25,142.75,143.0,143.0,180,1576653.0,226350176.75
COMB,N,0.0,COMMERCIAL BANK,2025-05-23,143.5,142.5,143.0,143.0,140,321533.0,45911552.25
COMB,N,0.0,COMMERCIAL BANK,2025-05-26,143.0,142.0,142.25,142.25,116,52486.0,7477324.5
COMB,N,0.0,COMMERCIAL BANK,2025-05-27,144.75,143.0,143.5,143.5,213,438631.0,63074803.5
COMB,N,0.0,COMMERCIAL BANK,2025-05-28,145.75,143.5,145.25,145.25,197,367590.0,53103192.0
COMB,N,0.0,COMMERCIAL BANK,2025-05-29,146.5,145.0,146.0,146.0,204,454697.0,66310603.75
COMB,N,0.0,COMMERCIAL BANK,2025-05-30,149.75,145.75,148.25,148.25,282,606420.0,89820360.25
COMB,N,0.0,COMMERCIAL BANK,2025-06-02,150.0,148.0,149.0,149.0,327,505774.0,75542534.5
COMB,N,0.0,COMMERCIAL BANK,2025-06-03,155.0,149.5,154.0,154.0,619,1378439.0,210906818.25
COMB,N,0.0,COMMERCIAL BANK,2025-06-04,156.0,153.5,155.25,155.25,465,746494.0,116132246.25
COMB,N,0.0,COMMERCIAL BANK,2025-06-05,155.75,153.0,155.0,155.0,370,750039.0,116033688.25
COMB,N,0.0,COMMERCIAL BANK,2025-06-06,156.0,153.75,154.0,154.0,266,521689.0,80969091.0
COMB,N,0.0,COMMERCIAL BANK,2025-06-09,155.0,151.5,154.75,154.75,273,282993.0,43464900.5
COMB,N,0.0,COMMERCIAL BANK,2025-06-11,156.5,154.5,156.0,156.0,301,1047995.0,163194533.25
COMB,N,0.0,COMMERCIAL BANK,2025-06-12,156.5,154.25,155.5,155.5,238,437007.0,67802062.5
COMB,N,0.0,COMMERCIAL BANK,2025-06-13,155.0,151.75,153.75,153.75,359,426709.0,65454966.5
COMB,N,0.0,COMMERCIAL BANK,2025-06-16,153.0,143.0,152.0,152.0,455,314698.0,47426085.75
COMB,N,0.0,COMMERCIAL BANK,2025-06-17,156.0,152.0,153.0,153.0,348,3706291.0,573818664.25
COMB,N,0.0,COMMERCIAL BANK,2025-06-18,153.0,150.75,151.5,151.5,265,495975.0,75412238.25
COMB,N,0.0,COMMERCIAL BANK,2025-06-19,153.0,149.25,149.75,149.75,517,1509557.0,226905569.25
COMB,N,0.0,COMMERCIAL BANK,2025-06-20,153.0,150.0,152.0,152.0,219,365597.0,55143019.25
COMB,N,0.0,COMMERCIAL BANK,2025-06-23,150.75,148.5,148.5,148.5,429,475191.0,70990973.0
COMB,N,0.0,COMMERCIAL BANK,2025-06-24,155.0,149.5,153.75,153.75,455,1670839.0,257725958.0
COMB,N,0.0,COMMERCIAL BANK,2025-06-25,156.0,153.75,154.75,154.75,313,499022.0,77454444.25
COMB,N,0.0,COMMERCIAL BANK,2025-06-26,156.5,152.25,155.75,155.75,343,1033088.0,160224317.5
COMB,N,0.0,COMMERCIAL BANK,2025-06-27,157.0,154.5,156.25,156.25,201,213773.0,33298811.75
COMB,N,0.0,COMMERCIAL BANK,2025-06-30,159.5,156.5,159.0,159.0,410,1045387.0,165420325.5
COMB,N,0.0,COMMERCIAL BANK,2025-07-01,159.5,158.0,158.5,158.5,268,733827.0,116596633.5
COMB,N,0.0,COMMERCIAL BANK,2025-07-02,160.0,158.5,159.0,159.0,265,564567.0,89996503.75
COMB,N,0.0,COMMERCIAL BANK,2025-07-03,160.0,158.0,158.25,158.25,289,1124713.0,179264714.75
COMB,N,0.0,COMMERCIAL BANK,2025-07-04,160.5,156.75,159.75,159.75,292,1395806.0,221869352.75
COMB,N,0.0,COMMERCIAL BANK,2025-07-07,159.75,157.5,158.5,158.5,269,292375.0,46346064.75
COMB,N,0.0,COMMERCIAL BANK,2025-07-08,159.75,156.5,159.5,159.5,293,3792879.0,595595494.75
COMB,N,0.0,COMMERCIAL BANK,2025-07-09,160.5,159.0,160.0,160.0,257,1430586.0,228957514.75
COMB,N,0.0,COMMERCIAL BANK,2025-07-11,164.0,157.5,163.5,163.5,463,1514491.0,244372197.75
COMB,N,0.0,COMMERCIAL BANK,2025-07-14,172.0,163.25,168.0,168.0,608,1981474.0,327440595.75
COMB,N,0.0,COMMERCIAL BANK,2025-07-15,178.75,168.0,172.0,172.0,564,464272.0,79947105.0
COMB,N,0.0,COMMERCIAL BANK,2025-07-16,173.0,171.25,172.0,172.0,280,369341.0,63521750.5
COMB,N,0.0,COMMERCIAL BANK,2025-07-17,172.0,168.25,170.0,170.0,330,301100.0,51163778.75
COMB,N,0.0,COMMERCIAL BANK,2025-07-18,170.5,169.5,170.0,170.0,328,792803.0,134762988.5
COMB,N,0.0,COMMERCIAL BANK,2025-07-21,170.0,168.25,168.5,168.5,365,487277.0,82443253.75
COMB,N,0.0,COMMERCIAL BANK,2025-07-22,169.5,168.25,168.5,168.5,242,558727.0,94176325.75
COMB,N,0.0,COMMERCIAL BANK,2025-07-23,170.75,169.0,169.25,169.25,276,682053.0,115601664.5
COMB,N,0.0,COMMERCIAL BANK,2025-07-24,171.25,169.5,170.75,170.75,275,353432.0,60457214.0
COMB,N,0.0,COMMERCIAL BANK,2025-07-25,171.5,169.5,171.25,171.25,202,191485.0,32708577.75
COMB,N,0.0,COMMERCIAL BANK,2025-07-28,171.5,170.5,171.0,171.0,321,577215.0,98713163.75
COMB,N,0.0,COMMERCIAL BANK,2025-07-29,171.5,169.0,170.5,170.5,270,295089.0,50337654.0
COMB,N,0.0,COMMERCIAL BANK,2025-07-30,171.5,170.75,171.0,171.0,220,258012.0,44161673.75
COMB,N,0.0,COMMERCIAL BANK,2025-07-31,170.5,169.5,169.75,169.75,328,764190.0,129811604.25
COMB,N,0.0,COMMERCIAL BANK,2025-08-01,174.25,172.0,174.0,174.0,518,2633824.0,457352556.25
COMB,N,0.0,COMMERCIAL BANK,2025-08-04,175.0,173.5,174.0,174.0,347,502874.0,87739078.0
COMB,N,0.0,COMMERCIAL BANK,2025-08-05,174.5,172.5,173.25,173.25,201,159289.0,27618010.0
COMB,N,0.0,COMMERCIAL BANK,2025-08-06,174.0,170.0,173.25,173.25,198,125917.0,21686306.75
COMB,N,0.0,COMMERCIAL BANK,2025-08-07,174.0,173.0,173.5,173.5,138,95137.0,16499239.5
COMB,N,0.0,COMMERCIAL BANK,2025-08-11,174.0,173.0,173.75,173.75,239,661468.0,114880391.5
COMB,N,0.0,COMMERCIAL BANK,2025-08-12,174.0,173.0,174.0,174.0,215,327865.0,56898152.5
COMB,N,0.0,COMMERCIAL BANK,2025-08-13,174.25,172.0,173.25,173.25,235,132407.0,22988789.0
COMB,N,0.0,COMMERCIAL BANK,2025-08-14,174.25,172.0,172.5,172.5,207,435060.0,75496930.5
COMB,N,0.0,COMMERCIAL BANK,2025-08-15,181.75,175.0,181.25,181.25,782,2060373.0,370618179.0
COMB,N,0.0,COMMERCIAL BANK,2025-08-18,189.25,181.5,189.0,189.0,956,1882197.0,352409716.25
COMB,N,0.0,COMMERCIAL BANK,2025-08-19,197.5,189.0,196.75,196.75,962,1519764.0,294394119.0
COMB,N,0.0,COMMERCIAL BANK,2025-08-20,199.0,196.25,197.75,197.75,612,1491836.0,295096603.0
COMB,N,0.0,COMMERCIAL BANK,2025-08-21,199.25,194.0,197.5,197.5,471,1215714.0,240200337.75
COMB,N,0.0,COMMERCIAL BANK,2025-08-22,199.0,193.75,195.25,195.25,338,305865.0,60097050.25
COMB,N,0.0,COMMERCIAL BANK,2025-08-25,195.0,192.5,193.25,193.25,487,297096.0,57560789.5
COMB,N,0.0,COMMERCIAL BANK,2025-08-26,196.0,193.25,194.25,194.25,253,488654.0,95075384.25
COMB,N,0.0,COMMERCIAL BANK,2025-08-27,195.75,194.0,194.5,194.5,229,227911.0,44479267.75
COMB,N,0.0,COMMERCIAL BANK,2025-08-28,194.75,193.0,193.75,193.75,205,45915.0,8897972.25
COMB,N,0.0,COMMERCIAL BANK,2025-08-29,195.75,193.0,194.75,194.75,380,582951.0,113471344.0
COMB,N,0.0,COMMERCIAL BANK,2025-09-01,197.0,194.0,194.75,194.75,358,7446668.0,1432846621.0
COMB,N,0.0,COMMERCIAL BANK,2025-09-02,195.0,193.0,193.25,193.25,307,444995.0,86267017.25
COMB,N,0.0,COMMERCIAL BANK,2025-09-03,194.0,191.5,192.5,192.5,355,221726.0,42730678.0
COMB,N,0.0,COMMERCIAL BANK,2025-09-04,195.0,191.75,192.5,192.5,267,252942.0,48804761.75
COMB,N,0.0,COMMERCIAL BANK,2025-09-08,193.0,190.5,190.75,190.75,338,324981.0,62143437.75
COMB,N,0.0,COMMERCIAL BANK,2025-09-09,191.0,188.0,190.0,190.0,435,667275.0,126737692.75
COMB,N,0.0,COMMERCIAL BANK,2025-09-10,192.75,188.0,191.0,191.0,314,460556.0,88296962.75
COMB,N,0.0,COMMERCIAL BANK,2025-09-11,191.0,189.25,190.0,190.0,207,126956.0,24128294.75
COMB,N,0.0,COMMERCIAL BANK,2025-09-12,190.0,187.0,187.0,187.0,536,489844.0,91830584.5
COMB,N,0.0,COMMERCIAL BANK,2025-09-15,190.0,181.75,182.75,182.75,789,456583.0,83977198.0
COMB,N,0.0,COMMERCIAL BANK,2025-09-16,188.75,182.5,186.5,186.5,305,229947.0,42600688.25
COMB,N,0.0,COMMERCIAL BANK,2025-09-17,191.75,188.5,190.0,190.0,238,249590.0,47408417.0
COMB,N,0.0,COMMERCIAL BANK,2025-09-18,191.0,188.0,190.0,190.0,338,1191165.0,225856665.5
COMB,N,0.0,COMMERCIAL BANK,2025-09-19,190.5,189.5,190.25,190.25,188,175309.0,33313692.0
COMB,N,0.0,COMMERCIAL BANK,2025-09-22,194.0,191.0,193.25,193.25,265,2962855.0,572523367.75
COMB,N,0.0,COMMERCIAL BANK,2025-09-23,195.25,190.0,192.5,192.5,372,1737269.0,336541452.5
COMB,N,0.0,COMMERCIAL BANK,2025-09-24,195.0,193.0,194.0,194.0,219,676744.0,131368983.75
COMB,N,0.0,COMMERCIAL BANK,2025-09-25,195.0,192.75,193.0,193.0,408,1432478.0,277164455.25
COMB,N,0.0,COMMERCIAL BANK,2025-09-26,194.0,193.25,193.5,193.5,293,2036191.0,394067296.0
COMB,N,0.0,COMMERCIAL BANK,2025-09-29,194.5,192.5,193.0,193.0,349,609671.0,117824937.0
COMB,N,0.0,COMMERCIAL BANK,2025-09-30,194.0,192.5,192.75,192.75,264,562732.0,108644339.75
COMB,N,0.0,COMMERCIAL BANK,2025-10-01,194.0,193.0,193.75,193.75,195,1889944.0,364814076.25
COMB,N,0.0,COMMERCIAL BANK,2025-10-02,194.0,193.25,193.25,193.25,334,4616683.0,892276026.25
COMB,N,0.0,COMMERCIAL BANK,2025-10-03,195.0,193.5,194.75,194.75,440,4269881.0,828058299.25
COMB,N,0.0,COMMERCIAL BANK,2025-10-07,198.0,195.75,196.25,196.25,499,1854748.0,363805385.75
COMB,N,0.0,COMMERCIAL BANK,2025-10-08,198.0,196.5,197.0,197.0,464,3471565.0,682631820.25
COMB,N,0.0,COMMERCIAL BANK,2025-10-09,204.0,198.0,203.25,203.25,903,29080805.0,5682981477.0
COMB,N,0.0,COMMERCIAL BANK,2025-10-10,206.0,203.5,205.0,205.0,704,1441567.0,295288293.0
COMB,N,0.0,COMMERCIAL BANK,2025-10-13,205.5,200.0,203.5,203.5,417,256393.0,52410280.5
COMB,N,0.0,COMMERCIAL BANK,2025-10-14,204.75,203.0,204.0,204.0,267,220661.0,44979343.25
COMB,N,0.0,COMMERCIAL BANK,2025-10-15,206.75,203.25,204.25,204.25,345,408150.0,83458007.0
COMB,N,0.0,COMMERCIAL BANK,2025-10-16,206.0,203.75,205.0,205.0,293,575148.0,117920284.25
COMB,N,0.0,COMMERCIAL BANK,2025-10-17,206.75,204.0,206.5,206.5,304,478496.0,98568553.0
COMB,N,0.0,COMMERCIAL BANK,2025-10-21,207.0,206.0,206.75,206.75,363,742720.0,153492338.75
COMB,N,0.0,COMMERCIAL BANK,2025-10-22,207.5,205.75,206.0,206.0,374,513828.0,106212359.75
COMB,N,0.0,COMMERCIAL BANK,2025-10-23,207.0,204.5,205.0,205.0,365,592305.0,121832824.0
COMB,N,0.0,COMMERCIAL BANK,2025-10-24,206.0,204.0,205.5,205.5,382,617090.0,126335500.25
COMB,N,0.0,COMMERCIAL BANK,2025-10-27,206.0,204.0,205.0,205.0,262,294072.0,60191659.25
COMB,N,0.0,COMMERCIAL BANK,2025-10-28,205.5,203.5,204.0,204.0,358,438014.0,89389962.5
COMB,N,0.0,COMMERCIAL BANK,2025-10-29,204.75,202.75,204.5,204.5,242,320045.0,65118050.5
COMB,N,0.0,COMMERCIAL BANK,2025-10-30,205.0,203.5,204.75,204.75,183,381520.0,77772863.25
COMB,N,0.0,COMMERCIAL BANK,2025-10-31,205.75,204.5,205.0,205.0,190,547123.0,112164779.5
COMB,N,0.0,COMMERCIAL BANK,2025-11-03,207.5,205.0,207.25,207.25,244,882922.0,182122238.75
COMB,N,0.0,COMMERCIAL BANK,2025-11-04,209.0,207.0,207.75,207.75,312,808491.0,168098818.75
COMB,N,0.0,COMMERCIAL BANK,2025-11-06,209.0,207.25,208.0,208.0,301,825633.0,171754258.5
COMB,N,0.0,COMMERCIAL BANK,2025-11-07,213.0,208.0,212.25,212.25,524,438214.0,92501540.75
COMB,N,0.0,COMMERCIAL BANK,2025-11-10,216.0,213.5,215.75,215.75,519,726723.0,156084040.25
COMB,N,0.0,COMMERCIAL BANK,2025-11-11,217.0,215.5,216.75,216.75,380,1047280.0,226778323.75
COMB,N,0.0,COMMERCIAL BANK,2025-11-12,218.0,216.5,216.75,216.75,340,303183.0,65798529.5
COMB,N,0.0,COMMERCIAL BANK,2025-11-13,218.0,215.0,215.25,215.25,443,666242.0,144295492.0
COMB,N,0.0,COMMERCIAL BANK,2025-11-14,215.5,214.0,214.75,214.75,371,482128.0,103546238.75
COMB,N,0.0,COMMERCIAL BANK,2025-11-17,214.75,212.0,212.75,212.75,417,595522.0,126678839.75
COMB,N,0.0,COMMERCIAL BANK,2025-11-18,214.5,211.5,212.0,212.0,356,331838.0,70445096.5
COMB,N,0.0,COMMERCIAL BANK,2025-11-19,212.0,206.25,209.5,209.5,554,387029.0,80841035.0
COMB,N,0.0,COMMERCIAL BANK,2025-11-20,211.0,208.5,210.0,210.0,393,1474134.0,307685531.0
COMB,N,0.0,COMMERCIAL BANK,2025-11-21,211.5,210.0,210.0,210.0,335,574264.0,120766868.5
COMB,N,0.0,COMMERCIAL BANK,2025-11-24,211.0,206.5,208.25,208.25,517,521198.0,108469817.5
COMB,N,0.0,COMMERCIAL BANK,2025-11-25,210.0,208.0,209.0,209.0,280,321083.0,67285728.0
COMB,N,0.0,COMMERCIAL BANK,2025-11-26,211.75,209.25,209.5,209.5,192,318411.0,66759787.0
COMB,N,0.0,COMMERCIAL BANK,2025-11-27,209.5,207.0,207.75,207.75,271,158228.0,32866166.25
COMB,N,0.0,COMMERCIAL BANK,2025-11-28,208.5,206.5,208.0,208.0,165,197593.0,41082685.25
COMB,N,0.0,COMMERCIAL BANK,2025-12-01,205.0,170.0,200.25,200.25,1239,939539.0,188211155.75
COMB,N,0.0,COMMERCIAL BANK,2025-12-02,204.5,197.5,201.5,201.5,636,343342.0,69123690.25
COMB,N,0.0,COMMERCIAL BANK,2025-12-03,202.25,197.25,198.0,198.0,723,450230.0,89369455.0
COMB,N,0.0,COMMERCIAL BANK,2025-12-05,200.0,192.75,194.0,194.0,1047,1246022.0,242816942.25
COMB,N,0.0,COMMERCIAL BANK,2025-12-08,195.75,192.5,193.0,193.0,815,389316.0,75585320.5
COMB,N,0.0,COMMERCIAL BANK,2025-12-09,199.75,192.25,198.25,198.25,456,363827.0,70621401.75
COMB,N,0.0,COMMERCIAL BANK,2025-12-10,203.0,199.75,201.0,201.0,515,833921.0,167952770.5
COMB,N,0.0,COMMERCIAL BANK,2025-12-11,203.0,199.75,201.5,201.5,310,499547.0,100256199.25
COMB,N,0.0,COMMERCIAL BANK,2025-12-12,201.75,199.5,200.5,200.5,289,304551.0,61166821.75
COMB,N,0.0,COMMERCIAL BANK,2025-12-15,201.75,197.75,198.0,198.0,429,213081.0,42473678.75
COMB,N,0.0,COMMERCIAL BANK,2025-12-16,200.0,198.0,200.0,200.0,169,213826.0,42706873.5
COMB,N,0.0,COMMERCIAL BANK,2025-12-17,200.5,198.0,198.5,198.5,259,298383.0,59639403.75
COMB,N,0.0,COMMERCIAL BANK,2025-12-18,200.0,198.0,198.0,198.0,259,258433.0,51228477.25
COMB,N,0.0,COMMERCIAL BANK,2025-12-19,199.75,198.25,199.5,199.5,135,105855.0,21020619.25
COMB,N,0.0,COMMERCIAL BANK,2025-12-22,200.0,198.0,198.5,198.5,256,106381.0,21127932.25
COMB,N,0.0,COMMERCIAL BANK,2025-12-23,199.0,197.0,198.0,198.0,272,279924.0,55456565.5
COMB,N,0.0,COMMERCIAL BANK,2025-12-24,199.0,198.0,198.5,198.5,157,94417.0,18738249.25
COMB,N,0.0,COMMERCIAL BANK,2025-12-26,199.0,198.0,198.75,198.75,218,94700.0,18823972.0
COMB,N,0.0,COMMERCIAL BANK,2025-12-29,199.5,198.0,198.25,198.25,307,620237.0,123379205.0
COMB,N,0.0,COMMERCIAL BANK,2025-12-30,201.0,198.25,200.75,200.75,281,2197323.0,439161940.75
COMB,N,0.0,COMMERCIAL BANK,2025-12-31,203.0,200.0,200.75,200.75,396,251229.0,50575867.0
